{
  "visdat": {
    "1428c5a29713": [
      "function () ",
      "plotlyVisDat"
    ]
  },
  "cur_data": "1428c5a29713",
  "attrs": {
    "1428c5a29713": {
      "x": {},
      "y": {},
      "mode": "markers",
      "name": [
        [
          "Dose<=4.5",
          "Dose>4.5"
        ]
      ],
      "color": {},
      "colors": [
        "blue",
        "red"
      ],
      "alpha_stroke": 1,
      "sizes": [
        10,
        100
      ],
      "spans": [
        1,
        20
      ],
      "type": "scatter"
    },
    "1428c5a29713.1": {
      "x": {},
      "y": {},
      "mode": "lines",
      "name": [
        [
          "Dose<=4.5",
          "Dose>4.5"
        ]
      ],
      "color": {},
      "colors": [
        "blue",
        "red"
      ],
      "alpha_stroke": 1,
      "sizes": [
        10,
        100
      ],
      "spans": [
        1,
        20
      ],
      "type": "scatter",
      "inherit": true
    }
  },
  "layout": {
    "margin": {
      "b": 40,
      "l": 60,
      "t": 25,
      "r": 10
    },
    "yaxis": {
      "domain": [
        0,
        1
      ],
      "automargin": true,
      "title": "Theophylline (mg/L)"
    },
    "xaxis": {
      "domain": [
        0,
        1
      ],
      "automargin": true,
      "title": "Time (hr)"
    },
    "hovermode": "closest",
    "showlegend": true
  },
  "source": "A",
  "config": {
    "modeBarButtonsToAdd": [
      {
        "name": "Collaborate",
        "icon": {
          "width": 1000,
          "ascent": 500,
          "descent": -50,
          "path": "M487 375c7-10 9-23 5-36l-79-259c-3-12-11-23-22-31-11-8-22-12-35-12l-263 0c-15 0-29 5-43 15-13 10-23 23-28 37-5 13-5 25-1 37 0 0 0 3 1 7 1 5 1 8 1 11 0 2 0 4-1 6 0 3-1 5-1 6 1 2 2 4 3 6 1 2 2 4 4 6 2 3 4 5 5 7 5 7 9 16 13 26 4 10 7 19 9 26 0 2 0 5 0 9-1 4-1 6 0 8 0 2 2 5 4 8 3 3 5 5 5 7 4 6 8 15 12 26 4 11 7 19 7 26 1 1 0 4 0 9-1 4-1 7 0 8 1 2 3 5 6 8 4 4 6 6 6 7 4 5 8 13 13 24 4 11 7 20 7 28 1 1 0 4 0 7-1 3-1 6-1 7 0 2 1 4 3 6 1 1 3 4 5 6 2 3 3 5 5 6 1 2 3 5 4 9 2 3 3 7 5 10 1 3 2 6 4 10 2 4 4 7 6 9 2 3 4 5 7 7 3 2 7 3 11 3 3 0 8 0 13-1l0-1c7 2 12 2 14 2l218 0c14 0 25-5 32-16 8-10 10-23 6-37l-79-259c-7-22-13-37-20-43-7-7-19-10-37-10l-248 0c-5 0-9-2-11-5-2-3-2-7 0-12 4-13 18-20 41-20l264 0c5 0 10 2 16 5 5 3 8 6 10 11l85 282c2 5 2 10 2 17 7-3 13-7 17-13z m-304 0c-1-3-1-5 0-7 1-1 3-2 6-2l174 0c2 0 4 1 7 2 2 2 4 4 5 7l6 18c0 3 0 5-1 7-1 1-3 2-6 2l-173 0c-3 0-5-1-8-2-2-2-4-4-4-7z m-24-73c-1-3-1-5 0-7 2-2 3-2 6-2l174 0c2 0 5 0 7 2 3 2 4 4 5 7l6 18c1 2 0 5-1 6-1 2-3 3-5 3l-174 0c-3 0-5-1-7-3-3-1-4-4-5-6z"
        },
        "click": "function(gd) { \n        // is this being viewed in RStudio?\n        if (location.search == '?viewer_pane=1') {\n          alert('To learn about plotly for collaboration, visit:\\n https://cpsievert.github.io/plotly_book/plot-ly-for-collaboration.html');\n        } else {\n          window.open('https://cpsievert.github.io/plotly_book/plot-ly-for-collaboration.html', '_blank');\n        }\n      }"
      }
    ],
    "cloud": false
  },
  "data": [
    {
      "x": [
        0,
        0.25,
        0.57,
        1.12,
        2.02,
        3.82,
        5.1,
        7.03,
        9.05,
        12.12,
        24.37,
        0,
        0.27,
        0.52,
        1,
        1.92,
        3.5,
        5.02,
        7.03,
        9,
        12,
        24.3,
        0,
        0.35,
        0.6,
        1.07,
        2.13,
        3.5,
        5.02,
        7.02,
        9.02,
        11.98,
        24.65,
        0,
        0.27,
        0.58,
        1.15,
        2.03,
        3.57,
        5,
        7,
        9.22,
        12.1,
        23.85,
        0,
        0.3,
        0.63,
        1.05,
        2.02,
        3.53,
        5.02,
        7.17,
        8.8,
        11.6,
        24.43
      ],
      "y": [
        0.74,
        2.84,
        6.57,
        10.5,
        9.66,
        8.58,
        8.36,
        7.47,
        6.89,
        5.94,
        3.28,
        0,
        1.72,
        7.91,
        8.31,
        8.33,
        6.85,
        6.08,
        5.4,
        4.55,
        3.01,
        0.9,
        0,
        1.89,
        4.6,
        8.6,
        8.38,
        7.54,
        6.88,
        5.78,
        5.33,
        4.19,
        1.15,
        0,
        1.29,
        3.08,
        6.44,
        6.32,
        5.53,
        4.94,
        4.02,
        3.46,
        2.78,
        0.92,
        0,
        7.37,
        9.03,
        7.14,
        6.33,
        5.66,
        5.67,
        4.24,
        4.11,
        3.16,
        1.12
      ],
      "mode": "markers",
      "name": "Dose<=4.5",
      "type": "scatter",
      "marker": {
        "color": "rgba(0,0,255,1)",
        "line": {
          "color": "rgba(0,0,255,1)"
        }
      },
      "textfont": {
        "color": "rgba(0,0,255,1)"
      },
      "error_y": {
        "color": "rgba(0,0,255,1)"
      },
      "error_x": {
        "color": "rgba(0,0,255,1)"
      },
      "line": {
        "color": "rgba(0,0,255,1)"
      },
      "xaxis": "x",
      "yaxis": "y",
      "frame": null
    },
    {
      "x": [
        0,
        0.27,
        0.58,
        1.02,
        2.02,
        3.62,
        5.08,
        7.07,
        9,
        12.15,
        24.17,
        0,
        0.3,
        0.52,
        1,
        2.02,
        3.5,
        5.02,
        7.02,
        9.1,
        12,
        24.35,
        0,
        0.25,
        0.5,
        1.02,
        2.02,
        3.48,
        5,
        6.98,
        9,
        12.05,
        24.22,
        0,
        0.25,
        0.52,
        0.98,
        2.02,
        3.53,
        5.05,
        7.15,
        9.07,
        12.1,
        24.12,
        0,
        0.37,
        0.77,
        1.02,
        2.05,
        3.55,
        5.05,
        7.08,
        9.38,
        12.1,
        23.7,
        0,
        0.25,
        0.5,
        0.98,
        1.98,
        3.6,
        5.02,
        7.03,
        9.03,
        12.12,
        24.08,
        0,
        0.25,
        0.5,
        1,
        2,
        3.52,
        5.07,
        7.07,
        9.03,
        12.05,
        24.15
      ],
      "y": [
        0,
        4.4,
        6.9,
        8.2,
        7.8,
        7.5,
        6.2,
        5.3,
        4.9,
        3.7,
        1.05,
        0,
        2.02,
        5.63,
        11.4,
        9.33,
        8.74,
        7.56,
        7.09,
        5.9,
        4.37,
        1.57,
        0.15,
        0.85,
        2.35,
        5.02,
        6.58,
        7.09,
        6.66,
        5.25,
        4.39,
        3.53,
        1.15,
        0,
        3.05,
        3.05,
        7.31,
        7.56,
        6.59,
        5.88,
        4.73,
        4.57,
        3,
        1.25,
        0.24,
        2.89,
        5.22,
        6.41,
        7.83,
        10.21,
        9.18,
        8.02,
        7.14,
        5.68,
        2.42,
        0,
        4.86,
        7.24,
        8,
        6.81,
        5.87,
        5.22,
        4.45,
        3.62,
        2.69,
        0.86,
        0,
        1.25,
        3.96,
        7.82,
        9.72,
        9.75,
        8.57,
        6.59,
        6.11,
        4.57,
        1.17
      ],
      "mode": "markers",
      "name": "Dose>4.5",
      "type": "scatter",
      "marker": {
        "color": "rgba(255,0,0,1)",
        "line": {
          "color": "rgba(255,0,0,1)"
        }
      },
      "textfont": {
        "color": "rgba(255,0,0,1)"
      },
      "error_y": {
        "color": "rgba(255,0,0,1)"
      },
      "error_x": {
        "color": "rgba(255,0,0,1)"
      },
      "line": {
        "color": "rgba(255,0,0,1)"
      },
      "xaxis": "x",
      "yaxis": "y",
      "frame": null
    },
    {
      "x": [
        0,
        0,
        0,
        0,
        0,
        0.25,
        0.27,
        0.27,
        0.3,
        0.35,
        0.52,
        0.57,
        0.58,
        0.6,
        0.63,
        1,
        1.05,
        1.07,
        1.12,
        1.15,
        1.92,
        2.02,
        2.02,
        2.03,
        2.13,
        3.5,
        3.5,
        3.53,
        3.57,
        3.82,
        5,
        5.02,
        5.02,
        5.02,
        5.1,
        7,
        7.02,
        7.03,
        7.03,
        7.17,
        8.8,
        9,
        9.02,
        9.05,
        9.22,
        11.6,
        11.98,
        12,
        12.1,
        12.12,
        23.85,
        24.3,
        24.37,
        24.43,
        24.65
      ],
      "y": [
        2.22976485076922,
        2.22976485076922,
        2.22976485076922,
        2.22976485076922,
        2.22976485076922,
        3.16113493718418,
        3.23093722397559,
        3.23093722397559,
        3.33488780538143,
        3.50605014278435,
        4.06657919465558,
        4.2245381451307,
        4.25572547627092,
        4.31768595541378,
        4.40954861130143,
        5.43930178767156,
        5.56466594619726,
        5.61394785519004,
        5.7350312125308,
        5.80624823992561,
        7.31368900244559,
        7.47098175136695,
        7.47098175136695,
        7.48597544328008,
        7.6243262393441,
        8.23928489440031,
        8.23928489440031,
        8.24381841266487,
        8.24744673182322,
        8.16400986291476,
        6.86797125773352,
        6.85516394513024,
        6.85516394513024,
        6.85516394513024,
        6.8134589718572,
        5.93322911465654,
        5.92359526173268,
        5.9187792741672,
        5.9187792741672,
        5.85144470000695,
        5.11358647914651,
        5.03365307351176,
        5.02582659378242,
        5.01409723337869,
        4.94786853104844,
        4.06908869088266,
        3.93832424715574,
        3.93152323292089,
        3.89764244722017,
        3.89089182723773,
        1.43269478224036,
        1.39275169788534,
        1.38686379994075,
        1.38188641333645,
        1.36418222525207
      ],
      "mode": "lines",
      "name": "loess",
      "type": "scatter",
      "marker": {
        "color": "rgba(0,0,255,1)",
        "line": {
          "color": "rgba(0,0,255,1)"
        }
      },
      "textfont": {
        "color": "rgba(0,0,255,1)"
      },
      "error_y": {
        "color": "rgba(0,0,255,1)"
      },
      "error_x": {
        "color": "rgba(0,0,255,1)"
      },
      "line": {
        "color": "rgba(0,0,255,1)"
      },
      "xaxis": "x",
      "yaxis": "y",
      "frame": null
    },
    {
      "x": [
        0,
        0,
        0,
        0,
        0,
        0,
        0,
        0.25,
        0.25,
        0.25,
        0.25,
        0.27,
        0.3,
        0.37,
        0.5,
        0.5,
        0.5,
        0.52,
        0.52,
        0.58,
        0.77,
        0.98,
        0.98,
        1,
        1,
        1.02,
        1.02,
        1.02,
        1.98,
        2,
        2.02,
        2.02,
        2.02,
        2.02,
        2.05,
        3.48,
        3.5,
        3.52,
        3.53,
        3.55,
        3.6,
        3.62,
        5,
        5.02,
        5.02,
        5.05,
        5.05,
        5.07,
        5.08,
        6.98,
        7.02,
        7.03,
        7.07,
        7.07,
        7.08,
        7.15,
        9,
        9,
        9.03,
        9.03,
        9.07,
        9.1,
        9.38,
        12,
        12.05,
        12.05,
        12.1,
        12.1,
        12.12,
        12.15,
        23.7,
        24.08,
        24.12,
        24.15,
        24.17,
        24.22,
        24.35
      ],
      "y": [
        2.22976485076922,
        2.22976485076922,
        2.22976485076922,
        2.22976485076922,
        2.22976485076922,
        2.22976485076922,
        2.22976485076922,
        3.16113493718418,
        3.16113493718418,
        3.16113493718418,
        3.16113493718418,
        3.23093722397559,
        3.33488780538143,
        3.5737556944833,
        4.00247456666422,
        4.00247456666422,
        4.00247456666422,
        4.06657919465558,
        4.06657919465558,
        4.25572547627092,
        4.82114729373033,
        5.388280978573,
        5.388280978573,
        5.43930178767156,
        5.43930178767156,
        5.48982034375381,
        5.48982034375381,
        5.48982034375381,
        7.40911631027076,
        7.44034039491294,
        7.47098175136695,
        7.47098175136695,
        7.47098175136695,
        7.47098175136695,
        7.51531731689344,
        8.23643067351972,
        8.23928489440031,
        8.24227135834024,
        8.24381841266487,
        8.24628627823568,
        8.24680236908941,
        8.24482700142581,
        6.86797125773352,
        6.85516394513024,
        6.85516394513024,
        6.83769138222228,
        6.83769138222228,
        6.82724618051729,
        6.82239590676693,
        5.94286520767397,
        5.92359526173268,
        5.9187792741672,
        5.89952250592107,
        5.89952250592107,
        5.8947103070862,
        5.86105166836989,
        5.03365307351176,
        5.03365307351176,
        5.02191542345769,
        5.02191542345769,
        5.00628459271434,
        4.99457607708726,
        4.88591200779169,
        3.93152323292089,
        3.91455688023533,
        3.91455688023533,
        3.89764244722017,
        3.89764244722017,
        3.89089182723773,
        3.88078363248872,
        1.44681868630576,
        1.41182581807731,
        1.40829340591786,
        1.40566290241698,
        1.40391818129787,
        1.39958766818227,
        1.3885371548541
      ],
      "mode": "lines",
      "name": "loess",
      "type": "scatter",
      "marker": {
        "color": "rgba(255,0,0,1)",
        "line": {
          "color": "rgba(255,0,0,1)"
        }
      },
      "textfont": {
        "color": "rgba(255,0,0,1)"
      },
      "error_y": {
        "color": "rgba(255,0,0,1)"
      },
      "error_x": {
        "color": "rgba(255,0,0,1)"
      },
      "line": {
        "color": "rgba(255,0,0,1)"
      },
      "xaxis": "x",
      "yaxis": "y",
      "frame": null
    }
  ],
  "highlight": {
    "on": "plotly_click",
    "persistent": false,
    "dynamic": false,
    "selectize": false,
    "opacityDim": 0.2,
    "selected": {
      "opacity": 1
    },
    "debounce": 0
  },
  "base_url": "https://plot.ly"
}
